{"Loss": 112.24828084309895, "KL Loss": 51.71997578938802, "CE Loss": 111.7310791015625, "WMSE": 0.41813692450523376, "SSIM": 0.05973879620432854, "_timestamp": 1725361043.2827072, "_runtime": 195.50151824951172, "_step": 64, "_wandb": {"runtime": 202}}