{"Loss": 1266.2336832682292, "KL Loss": 153.30865478515625, "CE Loss": 1264.7006022135417, "WMSE": 0.42877233028411865, "SSIM": 0.15030236542224884, "_timestamp": 1725352836.6953688, "_runtime": 419.356351852417, "_step": 349, "_wandb": {"runtime": 424}}