{"Loss": 829.1577758789062, "KL Loss": 431.1899820963542, "CE Loss": 824.8458862304688, "WMSE": 0.3584427833557129, "SSIM": 0.29892557859420776, "_timestamp": 1725380763.8242056, "_runtime": 30.913660526275635, "_step": 19}