{"Loss": 1023.5315144856771, "KL Loss": 144.6767374674479, "CE Loss": 1022.0847371419271, "WMSE": 0.39758214354515076, "SSIM": 0.21579314768314362, "_timestamp": 1725413600.881667, "_runtime": 1318.2399899959564, "_step": 619}