{"Loss": 1086.7012125651042, "KL Loss": 177.96875508626303, "CE Loss": 1084.9215087890625, "WMSE": 0.45104745030403137, "SSIM": 0.1262696385383606, "_timestamp": 1725383891.1712418, "_runtime": 912.157143831253, "_step": 744}