{"Loss": 93.01577504475911, "KL Loss": 204.48828125, "CE Loss": 90.97089131673177, "WMSE": 0.3663683831691742, "SSIM": 0.24548311531543732, "_timestamp": 1725358681.954735, "_runtime": 16.557398080825806, "_step": 4, "_wandb": {"runtime": 16}}