{"Loss": 1208.2723388671875, "KL Loss": 205.46911112467447, "CE Loss": 1206.2176920572917, "WMSE": 0.4054034948348999, "SSIM": 0.19313330948352814, "_timestamp": 1725382264.7272809, "_runtime": 1344.5263378620148, "_step": 1089}