{"Loss": 865.9813639322916, "KL Loss": 267.7228698730469, "CE Loss": 863.3041381835938, "WMSE": 0.382836252450943, "SSIM": 0.2590474784374237, "_timestamp": 1725357360.301457, "_runtime": 3629.026542901993, "_step": 3069, "_wandb": {"runtime": 3630}}