{"Loss": 1549.56982421875, "KL Loss": 164.83749135335287, "CE Loss": 1547.9214680989583, "WMSE": 0.3928525149822235, "SSIM": 0.08452367782592773, "_timestamp": 1725523584.3517628, "_runtime": 80.9419937133789, "_step": 59}