{"Loss": 38.27542368570963, "KL Loss": 288.05848185221356, "CE Loss": 35.39483896891276, "WMSE": 0.24691493809223175, "SSIM": 0.550502359867096, "_timestamp": 1725604758.440039, "_runtime": 85.7065999507904, "_step": 84}