{"Loss": 25.74683888753255, "KL Loss": 231.8167470296224, "CE Loss": 23.42867088317871, "WMSE": 0.2532013952732086, "SSIM": 0.5159552097320557, "_timestamp": 1725252522.5767791, "_runtime": 40.835472106933594, "_step": 14, "_wandb": {"runtime": 38}}