{"Loss": 998.6088460286459, "KL Loss": 376.70412190755206, "CE Loss": 994.841796875, "WMSE": 0.3750685453414917, "SSIM": 0.2596634328365326, "_timestamp": 1725418420.1637082, "_runtime": 3205.631720304489, "_step": 2609, "_wandb": {"runtime": 3206}}