{"Loss": 24.92775281270345, "KL Loss": 164.19845581054688, "CE Loss": 23.285767873128254, "WMSE": 0.24269050359725952, "SSIM": 0.5348628163337708, "_timestamp": 1725245068.657384, "_runtime": 144.43852281570435, "_step": 54}