{"Loss": 277.6411844889323, "KL Loss": 274.6551208496094, "CE Loss": 274.89463297526044, "WMSE": 0.2250152826309204, "SSIM": 0.5904833674430847, "_timestamp": 1725245909.2949815, "_runtime": 2235.7485275268555, "_step": 925}