{"Loss": 29.907045364379883, "KL Loss": 215.2639617919922, "CE Loss": 27.754405339558918, "WMSE": 0.22149376571178436, "SSIM": 0.5460731983184814, "_timestamp": 1725252254.86971, "_runtime": 38.06440186500549, "_step": 14, "_wandb": {"runtime": 43}}