{"Loss": 270.8808186848958, "KL Loss": 309.21300252278644, "CE Loss": 267.78868611653644, "WMSE": 0.19979995489120483, "SSIM": 0.628095805644989, "_timestamp": 1725245895.2137108, "_runtime": 3109.909874677658, "_step": 1709}