{"Loss": 1031.3403727213542, "KL Loss": 378.57285563151044, "CE Loss": 1027.5546468098958, "WMSE": 0.4039941728115082, "SSIM": 0.20965342223644257, "_timestamp": 1725380896.6654398, "_runtime": 116.24009776115417, "_step": 89}