{"Loss": 10.203139305114746, "KL Loss": 134.20437622070312, "CE Loss": 8.861095269521078, "WMSE": 0.12951044738292694, "SSIM": 0.7040589451789856, "_timestamp": 1725258528.3071911, "_runtime": 370.2844400405884, "_step": 454}