{"Loss": 24.972728729248047, "KL Loss": 137.45023600260416, "CE Loss": 23.59822654724121, "WMSE": 0.26245206594467163, "SSIM": 0.509465754032135, "_timestamp": 1725253208.9277537, "_runtime": 393.53110671043396, "_step": 139}