{"Loss": 1630.4237874348958, "KL Loss": 211.00548299153647, "CE Loss": 1628.313720703125, "WMSE": 0.3078986704349518, "SSIM": 0.12463241070508957, "_timestamp": 1725532321.5279698, "_runtime": 80.1595139503479, "_step": 49, "_wandb": {"runtime": 82}}