{"Loss": 880.3236897786459, "KL Loss": 408.4131673177083, "CE Loss": 876.2395426432291, "WMSE": 0.3879140317440033, "SSIM": 0.2469068020582199, "_timestamp": 1725380079.6904712, "_runtime": 128.119793176651, "_step": 99, "_wandb": {"runtime": 130}}