{"Loss": 273.29400634765625, "KL Loss": 315.0061950683594, "CE Loss": 270.14394124348956, "WMSE": 0.21258674561977386, "SSIM": 0.6029854416847229, "_timestamp": 1725528708.1433945, "_runtime": 3306.4419724941254, "_step": 2319, "_wandb": {"runtime": 3995}}