{"Loss": 26.024994532267254, "KL Loss": 157.4869588216146, "CE Loss": 24.450124740600586, "WMSE": 0.3086176812648773, "SSIM": 0.42021644115448, "_timestamp": 1725252711.0250857, "_runtime": 93.4593358039856, "_step": 34, "_wandb": {"runtime": 98}}