{"Loss": 20.569137573242188, "KL Loss": 157.98503621419272, "CE Loss": 18.989287694295246, "WMSE": 0.21785615384578705, "SSIM": 0.49863454699516296, "_timestamp": 1725244835.0783613, "_runtime": 106.00206422805786, "_step": 44}