{"Loss": 25.114166895548504, "KL Loss": 181.89616902669272, "CE Loss": 23.295204798380535, "WMSE": 0.278757780790329, "SSIM": 0.4729790687561035, "_timestamp": 1725257146.2620566, "_runtime": 149.55246353149414, "_step": 34}