{"Loss": 16.542715708414715, "KL Loss": 235.9342041015625, "CE Loss": 14.183374087015787, "WMSE": 0.18985523283481598, "SSIM": 0.6116927266120911, "_timestamp": 1725271065.1042726, "_runtime": 20.593273639678955, "_step": 20, "_wandb": {"runtime": 19}}