{"Loss": 25.127398173014324, "KL Loss": 165.92984517415366, "CE Loss": 23.46810022989909, "WMSE": 0.2678120732307434, "SSIM": 0.47851118445396423, "_timestamp": 1725255935.0359402, "_runtime": 125.43816709518433, "_step": 54, "_wandb": {"runtime": 124}}