{"Loss": 564.1643880208334, "KL Loss": 378.8231506347656, "CE Loss": 560.3761393229166, "WMSE": 6.797200679779053, "SSIM": 0.17184628546237946, "_timestamp": 1725593376.4822395, "_runtime": 2419.362291574478, "_step": 1139, "_wandb": {"runtime": 2991}}