{"Loss": 1412.0849609375, "KL Loss": 604.1567789713541, "CE Loss": 1406.0433756510417, "WMSE": 0.41117122769355774, "SSIM": 0.1053844466805458, "_timestamp": 1725384032.1406686, "_runtime": 102.12487053871155, "_step": 79}