{"Loss": 1237.0889892578125, "KL Loss": 158.71296183268228, "CE Loss": 1235.5019124348958, "WMSE": 0.4208064079284668, "SSIM": 0.16558803617954254, "_timestamp": 1725372116.3299966, "_runtime": 833.6586186885834, "_step": 689, "_wandb": {"runtime": 835}}