{"Loss": 923.9990030924479, "KL Loss": 236.25224812825522, "CE Loss": 921.636474609375, "WMSE": 0.3839872181415558, "SSIM": 0.09928842633962631, "_timestamp": 1725242621.1400013, "_runtime": 83.64006519317627, "_step": 69, "_wandb": {"runtime": 89}}