{"Loss": 21.462395985921223, "KL Loss": 204.82476298014322, "CE Loss": 19.414148330688477, "WMSE": 0.16198591887950897, "SSIM": 0.6275596022605896, "_timestamp": 1725257316.927453, "_runtime": 116.3087739944458, "_step": 29}