{"Loss": 24.378398895263672, "KL Loss": 190.9054412841797, "CE Loss": 22.46934445699056, "WMSE": 0.23618145287036896, "SSIM": 0.5808843970298767, "_timestamp": 1725249719.5490575, "_runtime": 36.65418744087219, "_step": 14, "_wandb": {"runtime": 41}}