{"Loss": 715.8377278645834, "KL Loss": 448.1773274739583, "CE Loss": 711.35595703125, "WMSE": 6.345726490020752, "SSIM": 0.20887763798236847, "_timestamp": 1725603929.6921952, "_runtime": 5794.817059278488, "_step": 2019}