{"Loss": 1488.3251546223958, "KL Loss": 177.9176788330078, "CE Loss": 1486.5459798177083, "WMSE": 0.435822993516922, "SSIM": 0.06308677792549133, "_timestamp": 1725384644.9476624, "_runtime": 185.28147840499878, "_step": 69, "_wandb": {"runtime": 190}}