{"Loss": 21.85488510131836, "KL Loss": 209.71512858072916, "CE Loss": 19.757734298706055, "WMSE": 0.23892255127429962, "SSIM": 0.5124608874320984, "_timestamp": 1725257882.4831874, "_runtime": 94.415536403656, "_step": 34}