{"Loss": 1600.8480631510417, "KL Loss": 193.36176554361978, "CE Loss": 1598.9144694010417, "WMSE": 0.43470191955566406, "SSIM": 0.11925143748521805, "_timestamp": 1725412274.9542983, "_runtime": 1638.8187103271484, "_step": 1160}