{"Loss": 76.08943430582683, "KL Loss": 264.0486246744792, "CE Loss": 73.44894917805989, "WMSE": 0.38473692536354065, "SSIM": 0.20030228793621063, "_timestamp": 1725379420.6062202, "_runtime": 57.35702419281006, "_step": 54}