{"Loss": 54.101844787597656, "KL Loss": 155.63202921549478, "CE Loss": 52.54552459716797, "WMSE": 0.3513305187225342, "SSIM": 0.28697681427001953, "_timestamp": 1725357536.9276528, "_runtime": 70.37761878967285, "_step": 64}