{"Loss": 11.346828778584799, "KL Loss": 182.7322998046875, "CE Loss": 9.519505818684896, "WMSE": 0.11746317148208618, "SSIM": 0.7739717960357666, "_timestamp": 1725258127.556086, "_runtime": 58.15485215187073, "_step": 74}