{"Loss": 478.9315185546875, "KL Loss": 491.95852915445965, "CE Loss": 474.0119323730469, "WMSE": 0.27817773818969727, "SSIM": 0.0028462728951126337, "_timestamp": 1725291810.2205527, "_runtime": 30.432408571243286, "_step": 9, "_wandb": {"runtime": 31}}