{"Loss": 259.14549255371094, "KL Loss": 310.2264404296875, "CE Loss": 256.04322306315106, "WMSE": 0.1792249232530594, "SSIM": 0.6673623919487, "_timestamp": 1725259113.1082606, "_runtime": 5768.484499692917, "_step": 4918}