{"Loss": 11.9729372660319, "KL Loss": 142.99035135904947, "CE Loss": 10.543033599853516, "WMSE": 0.21235843002796173, "SSIM": 0.5939881801605225, "_timestamp": 1725244661.7062738, "_runtime": 64.37203168869019, "_step": 84, "_wandb": {"runtime": 65}}