{"Loss": 2.298804680506388, "KL Loss": 194.2273915608724, "CE Loss": 0.35653088490168255, "WMSE": 0.0004328236391302198, "SSIM": 0.9971850514411926, "_timestamp": 1725257922.429885, "_runtime": 24.331192016601562, "_step": 9}