{"Loss": 62.945271809895836, "KL Loss": 314.5956522623698, "CE Loss": 59.79931513468424, "WMSE": 0.26770272850990295, "SSIM": 0.4847088158130646, "_timestamp": 1725604157.587127, "_runtime": 50.45059108734131, "_step": 39, "_wandb": {"runtime": 50}}