{"Loss": 7069.951009114583, "KL Loss": 1489.050801595052, "CE Loss": 7055.060384114583, "WMSE": 0.23824338614940643, "SSIM": 0.012351184152066708, "_timestamp": 1725532364.404543, "_runtime": 18.6752188205719, "_step": 9}