{"Loss": 6977.68017578125, "KL Loss": 519.5858459472656, "CE Loss": 6972.484375, "WMSE": 0.2590681314468384, "SSIM": 0.008483978919684887, "_timestamp": 1725361100.0538251, "_runtime": 17.348960161209106, "_step": 9, "_wandb": {"runtime": 853}}