{"Loss": 3581.62841796875, "KL Loss": 164.7383550008138, "CE Loss": 3579.9810384114585, "WMSE": 0.3120429515838623, "SSIM": 0.013835273683071136, "_timestamp": 1725525385.1567204, "_runtime": 37.8589563369751, "_step": 21, "_wandb": {"runtime": 36}}