{"Loss": 1070.6007080078125, "KL Loss": 359.362548828125, "CE Loss": 1067.007080078125, "WMSE": 0.4367177486419678, "SSIM": 0.14717663824558258, "_timestamp": 1725379006.8684785, "_runtime": 3603.0614054203033, "_step": 3065, "_wandb": {"runtime": 3600}}