{"Loss": 50.60642623901367, "KL Loss": 134.6865692138672, "CE Loss": 49.259560902913414, "WMSE": 0.4315876066684723, "SSIM": 0.19192802906036377, "_timestamp": 1725256368.829441, "_runtime": 381.4669749736786, "_step": 144}