{"Loss": 6.631216208140056, "KL Loss": 175.08178202311197, "CE Loss": 4.880398591359456, "WMSE": 0.0446445532143116, "SSIM": 0.8045210838317871, "_timestamp": 1725250242.5918868, "_runtime": 79.68569874763489, "_step": 34, "_wandb": {"runtime": 85}}