{"Loss": 1070.4704182942708, "KL Loss": 150.56433614095053, "CE Loss": 1068.9647623697917, "WMSE": 0.4004180431365967, "SSIM": 0.20361824333667755, "_timestamp": 1725414559.9462457, "_runtime": 758.4879376888275, "_step": 349, "_wandb": {"runtime": 1186}}