{"Loss": 40.826071421305336, "KL Loss": 271.8482157389323, "CE Loss": 38.10758845011393, "WMSE": 0.2813684642314911, "SSIM": 0.43823671340942383, "_timestamp": 1725250118.20149, "_runtime": 15.459836959838867, "_step": 4, "_wandb": {"runtime": 22}}