{"Loss": 9.410155296325684, "KL Loss": 198.94573465983072, "CE Loss": 7.420698006947835, "WMSE": 0.11759486049413681, "SSIM": 0.8094266057014465, "_timestamp": 1725249779.5208304, "_runtime": 36.32514548301697, "_step": 14, "_wandb": {"runtime": 41}}