{"Loss": 1317.2722981770833, "KL Loss": 135.49026997884116, "CE Loss": 1315.9173583984375, "WMSE": 0.4195040762424469, "SSIM": 0.1524777114391327, "_timestamp": 1725382970.4658115, "_runtime": 248.10564637184143, "_step": 199}