{"Loss": 1244.4113362630208, "KL Loss": 145.27745056152344, "CE Loss": 1242.9585774739583, "WMSE": 0.4103868007659912, "SSIM": 0.1813148707151413, "_timestamp": 1725353466.8873658, "_runtime": 585.0814979076385, "_step": 489}