{"Loss": 620.2635091145834, "KL Loss": 333.92882283528644, "CE Loss": 616.9242146809896, "WMSE": 0.1933787316083908, "SSIM": 0.6042092442512512, "_timestamp": 1725528689.8851357, "_runtime": 1383.2885625362396, "_step": 539, "_wandb": {"runtime": 2090}}